{"epoch": 4, "val_loss": 0.7581830024719238, "val_acc": 0.3333333432674408}