{
    "accuracy": 0.646551724137931,
    "precision": 0.25,
    "recall": 0.391304347826087,
    "f1_score": 0.3050847457627119,
    "roc_auc": 0.6951846657316503,
    "false_positive_rate": 0.2903225806451613,
    "false_negative_rate": 0.6086956521739131,
    "confusion_matrix": {
        "tn": 66,
        "fp": 27,
        "fn": 14,
        "tp": 9
    }
}